key,IPA,Consonantal?,Voiced?,Sibilant?,Lateral?,Place of articulation,"Place
value",Manner of articulation,"Sonority
value"
1,p,+,−,−,−,B,3,P,4
2,b,+,+,−,−,B,3,P,4
3,p̪,+,−,−,−,B,2.5,P,4
4,b̪,+,+,−,−,B,2.5,P,4
5,t̪,+,−,−,−,D,1.666666667,P,4
6,d̪,+,+,−,−,D,1.666666667,P,4
7,t,+,−,−,−,D,0.75,P,4
8,d,+,+,−,−,D,0.75,P,4
9,ȶ,+,−,−,−,Ɉ,0,P,4
10,ȡ,+,+,−,−,Ɉ,0,P,4
11,t̠,+,−,−,−,Ɉ,-0.5,P,4
12,d̠,+,+,−,−,Ɉ,-0.5,P,4
13,ʈ,+,−,−,−,Ɉ,-1.25,P,4
14,ɖ,+,+,−,−,Ɉ,-1.25,P,4
15,kʷ,+,−,−,−,BK,-1.5,P,4
16,ɡʷ,+,+,−,−,BK,-1.5,P,4
17,c,+,−,−,−,Ɉ,-2,P,4
18,ɟ,+,+,−,−,Ɉ,-2,P,4
19,k,+,−,−,−,K,-3,P,4
20,ɡ,+,+,−,−,K,-3,P,4
21,ʔ,+,−,−,−,H,-6,P,4
22,t͡θ,+,−,−,−,D,2,P͡F,3
23,d͡ð,+,+,+,−,D,2,P͡F,3
24,t͡s̟,+,−,+,−,D,1.666666667,P͡F,3
25,d͡z̟,+,+,+,−,D,1.666666667,P͡F,3
26,t͡s̪,+,−,+,−,D,1.333333333,P͡F,3
27,d͡z̪,+,+,+,−,D,1.333333333,P͡F,3
28,t͡s,+,−,+,−,D,1,P͡F,3
29,d͡z,+,+,+,−,D,1,P͡F,3
30,t͡s̠,+,−,+,−,D,0.5,P͡F,3
31,d͡z̠,+,+,+,−,D,0.5,P͡F,3
32,t͡ɕ,+,−,+,−,Ɉ,0,P͡F,3
33,d͡ʑ,+,+,+,−,Ɉ,0,P͡F,3
34,t̠͡ʃ,+,−,+,−,Ɉ,-0.5,P͡F,3
35,d̠͡ʒ,+,+,+,−,Ɉ,-0.5,P͡F,3
36,ʈ͡ʂ,+,−,+,−,Ɉ,-1.25,P͡F,3
37,ɖ͡ʐ,+,+,+,−,Ɉ,-1.25,P͡F,3
38,c͡ç,+,−,−,−,Ɉ,-2,P͡F,3
39,ɟ͡ʝ,+,+,−,−,Ɉ,-2,P͡F,3
40,ɸ,+,−,−,−,B,3,F,2
41,β,+,+,−,−,B,3,F,2
42,f,+,−,−,−,B,2.5,F,2
43,v,+,+,−,−,B,2.5,F,2
44,θ,+,−,−,−,D,2,F,2
45,ð,+,+,−,−,D,2,F,2
46,s̟,+,−,+,−,D,1.666666667,F,2
47,z̟,+,+,+,−,D,1.666666667,F,2
48,s̪,+,−,+,−,D,1.333333333,F,2
49,z̪,+,+,+,−,D,1.333333333,F,2
50,s,+,−,+,−,D,1,F,2
51,z,+,+,+,−,D,1,F,2
52,s̠,+,−,+,−,D,0.5,F,2
53,z̠,+,+,+,−,D,0.5,F,2
54,ɕ,+,−,+,−,Ɉ,0,F,2
55,ʑ,+,+,+,−,Ɉ,0,F,2
56,ʃ,+,−,+,−,Ɉ,-0.5,F,2
57,ʒ,+,+,+,−,Ɉ,-0.5,F,2
58,ʂ,+,−,+,−,Ɉ,-1.25,F,2
59,ʐ,+,+,+,−,Ɉ,-1.25,F,2
60,ç,+,−,−,−,Ɉ,-2,F,2
61,ʝ,+,+,−,−,Ɉ,-2,F,2
62,ʎ̝,+,+,−,+,Ɉ,-2,F,2
63,x,+,−,−,−,K,-3,F,2
64,ɣ,+,+,−,−,K,-3,F,2
65,χ,+,−,−,−,Q,-4,F,2
66,ʁ,`,+,−,−,Q,-4,F,2
67,ħ,+,−,−,−,H,-5,F,2
68,h,+,−,−,−,H,-6,F,2
69,ɦ,+,+,−,−,H,-6,F,2
70,m,+,+,−,−,B,3,N,1.5
71,ɱ,+,+,−,−,B,2.5,N,1.5
72,n̪,+,+,−,−,D,1.666666667,N,1.5
73,n,+,+,−,−,D,0.75,N,1.5
74,ȵ,+,+,−,−,Ɉ,0,N,1.5
75,n̠,+,+,−,−,Ɉ,-0.5,N,1.5
76,ɲ,+,+,−,−,Ɉ,-2,N,1.5
77,ŋ,+,+,−,−,K,-3,N,1.5
78,r̪,+,+,−,−,D,1.666666667,L,1.25
79,r,+,+,−,−,D,0.75,L,1.25
80,ɽ,+,+,−,−,Ɉ,-1.25,L,1
81,ʀ,+,+,−,−,Q,-4,L,1.25
82,ɾ̪,+,+,−,−,D,1.666666667,L,1
83,ɾ,+,+,−,−,D,0.75,L,1
84,l̪,+,+,−,+,D,1.666666667,LW,0.75
85,l,+,+,−,+,D,0.75,LW,0.75
86,ȴ [ʎ̟],+,+,−,+,Ɉ,0,LW,0.75
87,ɫ̪,+,+,−,+,DQ,-1.166666667,LW,0.75
88,ɭ,+,+,−,+,Ɉ,-1.25,LW,0.75
89,ɫ,+,+,−,+,DQ,-1.625,LW,0.75
90,ʎ,+,+,−,+,Ɉ,-2,LW,0.75
91,β̞,+,+,−,−,B,3,W,0.5
92,ð̞,+,+,−,−,D,1.833333333,W,0.5
93,ɹ,+,+,−,−,D,0.75,W,0.5
94,ɻ,+,+,−,−,Ɉ,-1.25,W,0.5
95,ɣ̞,+,+,−,−,K,-3,W,0.5
96,ʋ,+,+,−,−,B,2.5,W,0.4
97,w,+,+,−,−,BK,0,W,0.333333333
98,j,+,+,−,−,Ɉ,-2,W,0.333333333
99,ɥ,+,+,−,−,BɈ,-2.333333333,W,0.333333333
100,ɰ,+,+,−,−,K,-3,W,0.333333333
101,d̪~ɾ,+,+,−,−,D,1.208333333,P~L,2.5
102,θ (s),+,−,− (+),−,D,1.666666667,F,2
103,ʃ~s̠,+,−,+,−,Ɉ~D,0,F,2
104,s̠~θ,+,−,+/−,−,D,1.25,F,2
105,k (t͡s),+,−,− (+),−,K (Ɉ),2.333333333,P (P͡F),3.666666667
106,t̠͡ʃ~θ,+,−,+ (−),−,Ɉ~D,0.75,P͡F~F,2.5
107,d͡z~ð,+,+,+/−,−,D,1.5,P͡F~F,2.5
108,d̠͡ʒ~z,+,+,+,−,Ɉ~D,0.25,P͡F~F,2.5
109,z̠~ð,+,+,+/−,−,D,1.25,F,2
110,ɡ (d͡z),+,+,− (+),−,K (Ɉ),2.333333333,P (P͡F),3.666666667
111,z (d͡z),+,+,+,−,D,1,F (P͡F),2.333333333
112,ɡ~j,+,+,−,−,K~Ɉ,-2.5,P~W,2.166666667
113,n~ɲ,+,+,−,−,D~Ɉ,-0.625,N,1.5
114,ɸ~f,+,−,−,−,B,2.75,F,2
115,f (h),+,−,−,−,B (H),-0.166666667,F,2
116,h~∅,−,−,−,−,H,-6,F~∅,1
117,b~v,+,+,−,−,B,2.75,P,3
118,s (s̠),+,−,+,−,D,0.875,F,2
119,z (z̠),+,+,+,−,D,0.875,F,2
120,s (s̪),+,−,+,−,D,1.083333333,F,2
121,z (z̪),+,+,+,−,D,1.083333333,F,2
122,s̠ (s),+,−,+,−,D,0.625,F,2
123,ʁ (r),+,+,−,−,Q (D),2.416666667,F (L),1.75
124,x~h,+,−,−,−,K~H,-4.5,F,2
125,rː,+,+,−,−,D,0.75,LL,1.5625
126,r̠ː,+,+,−,−,Ɉ,-0.5,LL,1.5625
127,r (ʀ),+,+,−,−,D (Q),-0.833333333,L,1.25
128,ʐː~rː,+,+,+/−,−,Ɉ~D,-0.25,FF~LL,2.03125
129,ȴ[ʎ̟] (ʈ͡ʂ),+,+ (−),− (+),+ (−),Ɉ,-0.416666667,LW (P͡F),1.5
130,l (ȴ [ʎ̟]),+,+,−,+,D (Ɉ),0.5625,LW,0.75
131,l~ɰ,+,+,−,+/−,D~K,-1.125,LW~W,0.541666667
132,r (ʁ),+,+,−,−,D (Q),-0.833333333,L (F),1.5
133,l (ȴ~j),+,+,−,+ (−),D (Ɉ),0.166666667,LW (W),0.666666667
134,w~∅,+/−,+/−,−,−,BK,0,W~∅,0.166666667
135,ɡ~w,+,+,−,−,K~BK,-1.5,P~W,2.25
136,ɡ~∅,+/−,+/−,−,−,K,-3,P~∅,2
137,w~v,+,+,−,−,BK~B,1.25,W~F,1.5
138,v~∅,+/−,+/−,−,−,B,2.5,F~∅,1
139,l̪ʲ,+,+,−,+,Ɉ,-0.166666667,LW,0.75
140,ʟ,+,+,−,+,K,-3,LW,0.75
141,r̠,+,+,−,−,Ɉ,-0.5,L,1.25
142,ʁ (ʀ),+,+,−,−,Q,-4,F (L),1.75
143,ɾ (ʀ),+,+,−,−,D (Q),-0.833333333,L (F),1.333333333
144,ɽ~∅,+/−,+/−,−,−,Ɉ,-1.25,L~∅,0.5
145,t̪~ʈ,+,−,−,−,D~Ɉ,0.541666667,P,4
146,ɾ~ɽ,+,+,−,−,D~Ɉ,-0.25,L,1
147,d̪~ɖ,+,+,−,−,D~Ɉ,0.541666667,P,4
148,k~ȶ,+,−,−,−,K~Ɉ,-1.5,P,4
149,l~j,+,+,−,+/−,D~Ɉ,-0.625,LW~W,0.541666667
150,k~c,+,−,−,−,K~Ɉ,-2.5,P,4
151,j~∅,+/−,+/−,−,−,Ɉ,-2,W~∅,0.166666667
152,c~t̠͡ʃ,+,−,−/+,−,Ɉ,-1.25,P~P͡F,3.5
153,ɟ~d̠͡ʒ,+,+,−/+,−,Ɉ,-1.25,P~P͡F,3.5
154,ɡ~ɟ,+,+,−,−,K~Ɉ,-2.5,P,4
155,ȴ[ʎ̟]~j,+,+,−,+/−,Ɉ,-1,LW~W,0.541666667
156,ɟ~∅,+/−,+/−,−,−,Ɉ,-2,P~∅,2
157,f~ç,+,−,−,−,B~Ɉ,0.25,F,2
158,ç~ʃ,+,−,−/+,−,Ɉ,-1,F,2
159,s (ʃ),+,−,+,−,D (Ɉ),0.5,F,2
160,s~ʃ,+,−,+,−,D~Ɉ,0.25,F,2
161,s̠~s,+,−,+,−,D,0.75,F,2
162,s̪~ʃ~h,+,−,+ (−),−,D~Ɉ~H,-1.722222222,F,2
163,ʃ~k~h,+,−,− (+),−,Ɉ~K~H,-3.166666667,F (P),2.666666667
164,b~β̞,+,+,−,−,B,3,P~W,2.25
165,b~β,+,+,−,−,B,3,P~F,3
166,β~β̞,+,+,−,−,B,3,F~W,1.25
167,v~β̞,+,+,−,−,B,2.75,F~W,1.25
168,d~ð̞,+,+,−,−,D,1.75,P~W,2.25
169,d~ð,+,+,−,−,D,1.833333333,P~F,3
170,ð~ð̞,+,+,−,−,D,1.916666667,F~W,1.25
171,ɡ~ɣ̞,+,+,−,−,K,-3,P~W,2.25
172,ɡ~ɣ,+,+,−,−,K,-3,P~F,3
173,ɣ~ɣ̞,+,+,−,−,K,-3,F~W,1.25
174,ʝ~∅,+/−,+/−,−,−,Ɉ,-2,W~∅,-1
175,ð̞~∅,+/−,+/−,−,−,D,1.833333333,W~∅,0.25
176,ɡ (ħ),+,+ (−),−,−,K (H),-3.666666667,P (F),3.333333333
177,ɣ̞ (ħ),+,+ (−),−,−,K (H),-3.666666667,W (F),1
178,tt͡s̪,+,−,+,−,D,1.333333333,PP͡F,3.75
179,dd͡z̪,+,+,+,−,D,1.333333333,PP͡F,3.75
180,tt͡s,+,−,+,−,D,1,PP͡F,3.75
181,dd͡z,+,+,+,−,D,1,PP͡F,3.75
182,tt͡s̠,+,−,+,−,D,0.5,PP͡F,3.75
183,dd͡z̠,+,+,+,−,D,0.5,PP͡F,3.75
184,tt͡ɕ,+,−,+,−,Ɉ,0,PP͡F,3.75
185,dd͡ʑ,+,+,+,−,Ɉ,0,PP͡F,3.75
186,t̠t̠͡ʃ,+,−,+,−,Ɉ,-0.5,PP͡F,3.75
187,d̠d̠͡ʒ,+,+,+,−,Ɉ,-0.5,PP͡F,3.75
188,ʈʈ͡ʂ,+,−,+,−,Ɉ,-1.25,PP͡F,3.75
189,ɖɖ͡ʐ,+,+,+,−,Ɉ,-1.25,PP͡F,3.75
190,dd͡z~d̠d̠͡ʒ,+,+,+,−,D~Ɉ,0.25,PP͡F,3.75
191,◌̃,−,+,−,−,D,0.75,N~∅,0.75
192,β̞~∅,+/−,+/−,−,−,B,3,W~∅,0.25
193,ʝ~ʃ,+,+/−,−/+,−,Ɉ,-1.25,F,2
194,̠d̠͡ʒ (d͡z̠),+,+,+,−,Ɉ (D),-0.166666667,P͡F,3
195,pp,+,−,−,−,B,3,PP,5
196,bb,+,+,−,−,B,3,PP,5
197,t̪t̪,+,−,−,−,D,1.666666667,PP,5
198,d̪d̪,+,+,−,−,D,1.666666667,PP,5
199,tt,+,−,−,−,D,0.75,PP,5
200,dd,+,+,−,−,D,0.75,PP,5
201,ɖɖ,+,+,−,−,Ɉ,-1.25,PP,5
202,kkʷ,+,−,−,−,BK,-1.5,PP,5
203,gɡʷ,+,+,−,−,BK,-1.5,PP,5
204,cc,+,−,−,−,Ɉ,-2,PP,5
205,ɟɟ,+,+,−,−,Ɉ,-2,PP,5
206,kk,+,−,−,−,K,-3,PP,5
207,gg,+,+,−,−,K,-3,PP,5
208,ff,+,−,−,−,B,2.5,FF,2.5
209,vv,+,+,−,−,B,2.5,FF,2.5
210,θθ,+,−,−,−,D,2,FF,2.5
211,ðð,+,+,−,−,D,2,FF,2.5
212,s̟s̟,+,−,+,−,D,1.666666667,FF,2.5
213,z̟z̟,+,+,+,−,D,1.666666667,FF,2.5
214,s̪s̪,+,−,+,−,D,1.333333333,FF,2.5
215,z̪z̪,+,+,+,−,D,1.333333333,FF,2.5
216,ss,+,−,+,−,D,1,FF,2.5
217,zz,+,+,+,−,D,1,FF,2.5
218,s̠s̠,+,−,+,−,D,0.5,FF,2.5
219,z̠z̠,+,+,+,−,D,0.5,FF,2.5
220,ɕɕ,+,−,+,−,Ɉ,0,FF,2.5
221,ʑʑ,+,+,+,−,Ɉ,0,FF,2.5
222,ʃʃ,+,−,+,−,Ɉ,-0.5,FF,2.5
223,ʒʒ,+,+,+,−,Ɉ,-0.5,FF,2.5
224,ʂʂ,+,−,+,−,Ɉ,-1.25,FF,2.5
225,ʐʐ,+,+,+,−,Ɉ,-1.25,FF,2.5
226,çç,+,−,−,−,Ɉ,-2,FF,2.5
227,ʝʝ,+,+,−,−,Ɉ,-2,FF,2.5
228,ʎ̝ʎ̝,+,+,−,+,Ɉ,-2,FF,2.5
229,mm,+,+,−,−,B,3,NN,1.875
230,ɱɱ,+,+,−,−,B,2.5,NN,1.875
231,n̪n̪,+,+,−,−,D,1.666666667,NN,1.875
232,nn,+,+,−,−,D,0.75,NN,1.875
233,ȵȵ,+,+,−,−,Ɉ,0,NN,1.875
234,n̠n̠,+,+,−,−,Ɉ,-0.5,NN,1.875
235,ɲɲ,+,+,−,−,Ɉ,-2,NN,1.875
236,r̪r̪,+,+,−,−,D,1.666666667,LL,1.5625
237,rr,+,+,−,−,D,0.75,LL,1.5625
238,ɽr,+,+,−,−,,,LL,1.5625
239,ʀʀ,+,+,−,−,Q,-4,LL,1.5625
240,l (ɰ),+,+,−,+ (−),D (K),-0.5,LW (W),0.611111111
241,ll (ȴȴ),+,+,−,+,D (Ɉ),0.5,LLWW,0.9375
242,l̪l̪,+,+,−,+,D,1.666666667,LLWW,0.9375
243,ll,+,+,−,+,D,0.75,LLWW,0.9375
244,ȴȴ [ʎ̟ʎ̟],+,+,−,+,Ɉ,0,LLWW,0.9375
245,ɫ̪ɫ̪,+,+,−,+,DQ,-1.166666667,LLWW,0.9375
246,ɭɭ,+,+,−,+,Ɉ,-1.25,LLWW,0.9375
247,ɫɫ,+,+,−,+,DQ,-1.625,LLWW,0.9375
248,ʎʎ,+,+,−,+,Ɉ,-2,LLWW,0.9375
249,ll~ɭɭ,+,+,−,+,Ɉ,-0.25,LLWW,0.9375
250,ww,+,+,−,−,BK,0,WW,0.416666667
251,jj,+,+,−,−,Ɉ,-2,WW,0.416666667
252,ʎ~ʝ,+,+,−,+/−,Ɉ,-2,LW~F,1.375
253,z~s,+,+/−,+,−,D,1,F,2
254,β~ʒ,+,+,−/+,−,B~Ɉ,1.25,F (W),1.625
255,β~d̠͡ʒ,+,+,−/+,−,B~Ɉ,1.25,F~P͡F,2.625
256,β~ʒ,+,+,−/+,−,B~Ɉ,1.25,F (P),2.5
257,∅ (z̠),− (+),− (+),− (+),−,D,0.5,∅ (F),0.666666667
258,tt͡s (ʒ),+,− (+),+,−,D (Ɉ),0.5,PP͡F (F),3.166666667
259,t͡s̪ (t̠͡ʃ),+,−,+,−,D (Ɉ),0.722222222,P͡F,3
260,w~β,+,+,−,−,BK~B,1.5,W~F,1.25
261,v (b),+,+,−,−,B,2.625,F (P),2.5
262,v (β),+,+,−,−,B,2.625,F,2
263,ʃ~d̠͡ʒ,+,+/−,+,−,Ɉ,-0.5,F~P͡F,2.5
264,j̃,+,+,−,−,Ɉ,-2,NW,0.916666667
265,ȵ~ɲ,+,+,−,−,Ɉ,-1,N,1.5
266,n̪ʲ~ȵ,+,+,−,−,DɈ~Ɉ,0.75,N,1.5
267,n̪ʲː~ȵȵ,+,+,−,−,DɈ~Ɉ,0.75,NN,1.875
268,bb (b),+,+,−,−,B,3,PP (P),4.666666667
269,s̠ (d͡z̠),+,−/+,+,−,D,0.50,F (P͡F),2.25
270,ʃ~s̪,+,−,+,−,Ɉ~D,0.416666667,F,2
271,ɕ~ʃ,+,−,+,−,Ɉ,-0.25,F,2
272,t͡ɕ~t̠͡ʃ,+,−,+,−,Ɉ,-0.25,P͡F,3
273,b (v),+,+,−,−,B,2.833333333,P (F),3.333333333
,,,,,,,,,
,,,,,,,,,
,,,,,,,,,
,,,,,,,,,
,,,,,,,,,
